{
    "accuracy": 0.9748172864306313,
    "loss": 0.09747539460659027
}