{
    "accuracy": 0.9751723703188695,
    "loss": 0.09671951085329056
}